,station_id,station_name,station_latitude,station_longitude,nta
0,72,W 52 St & 11 Ave,40.76727216,-73.99392888,MN15
1,79,Franklin St & W Broadway,40.71911552,-74.00666661,MN24
2,82,St James Pl & Pearl St,40.71117416,-74.00016545,MN27
3,83,Atlantic Ave & Fort Greene Pl,40.68382604,-73.97632328,BK68
4,116,W 17 St & 8 Ave,40.74177603,-74.00149746,MN13
5,119,Park Ave & St Edwards St,40.69608941,-73.97803415,BK68
6,120,Lexington Ave & Classon Ave,40.68676793,-73.95928168,BK75
7,127,Barrow St & Hudson St,40.73172428,-74.00674436,MN23
8,128,MacDougal St & Prince St,40.72710258,-74.00297088,MN24
9,137,E 56 St & Madison Ave,40.761628,-73.972924,MN17
10,143,Clinton St & Joralemon St,40.69239502,-73.99337909,BK09
11,144,Nassau St & Navy St,40.69839895,-73.98068914,BK38
12,146,Hudson St & Reade St,40.71625008,-74.0091059,MN24
13,147,Greenwich St & Warren St,40.71542197,-74.01121978,MN24
15,151,Cleveland Pl & Spring St,40.72210379,-73.99724901,MN24
16,152,Warren St & Church St,40.71473993,-74.00910627,MN24
17,153,E 40 St & 5 Ave,40.75206231,-73.9816324,MN20
18,157,Henry St & Atlantic Ave,40.69089272,-73.99612349,BK09
19,160,E 37 St & Lexington Ave,40.748158000000004,-73.978462,MN20
20,161,LaGuardia Pl & W 3 St,40.72917025,-73.99810231,MN23
21,164,E 47 St & 2 Ave,40.75323098,-73.97032517,MN19
22,167,E 39 St & 3 Ave,40.7489006,-73.97604882,MN20
23,168,W 18 St & 6 Ave,40.73971301,-73.99456405,MN13
24,173,Broadway & W 49 St,40.76068327,-73.98452729,MN17
25,174,E 25 St & 1 Ave,40.7381765,-73.97738662,MN20
27,212,W 16 St & The High Line,40.74334935,-74.00681753,MN13
28,216,Columbia Heights & Cranberry St,40.70037867,-73.99548059,BK09
29,217,Old Fulton St,40.70277159,-73.99383605,BK38
30,218,Gallatin Pl & Livingston St,40.69028437,-73.98707105,BK38
31,223,W 13 St & 7 Ave,40.73781509,-73.99994661,MN23
33,225,W 14 St & The High Line,40.74195138,-74.00803013,MN23
34,228,E 48 St & 3 Ave,40.7546011,-73.97187886,MN19
35,229,Great Jones St,40.72743423,-73.99379025,MN23
36,232,Cadman Plaza E & Tillary St,40.69597683,-73.99014892,BK38
37,233,Cadman Plaza W & Pierrepont St,40.69475701,-73.99052739,BK38
38,236,St Marks Pl & 2 Ave,40.7284186,-73.98713956,MN22
39,237,E 11 St & 2 Ave,40.73047309,-73.98672378,MN22
40,238,Bank St & Washington St,40.7361967,-74.00859207,MN23
41,239,Willoughby St & Fleet St,40.69196566,-73.9813018,BK68
42,241,DeKalb Ave & S Portland Ave,40.68981035,-73.97493121,BK68
43,242,Carlton Ave & Flushing Ave,40.697787,-73.973736,BK68
44,243,Fulton St & Rockwell Pl,40.688226,-73.979382,BK68
45,244,Willoughby Ave & Hall St,40.69196035,-73.96536851,BK69
46,245,Myrtle Ave & St Edwards St,40.69327018,-73.97703874,BK68
47,247,Perry St & Bleecker St,40.73535398,-74.00483091,MN23
48,248,Laight St & Hudson St,40.72185379,-74.00771779,MN24
49,249,Harrison St & Hudson St,40.71870987,-74.0090009,MN24
50,250,Lafayette St & Jersey St N,40.72456089,-73.99565293,MN24
51,251,Mott St & Prince St,40.72317958,-73.99480012,MN24
52,252,MacDougal St & Washington Sq,40.73226398,-73.99852205,MN23
53,253,W 13 St & 5 Ave,40.73543934,-73.99453948,MN23
54,254,W 11 St & 6 Ave,40.73532427,-73.99800419,MN23
55,255,NYCBS Depot - SSP,40.646768,-74.01651,BK32
56,257,Lispenard St & Broadway,40.71939226,-74.00247214,MN24
57,258,DeKalb Ave & Vanderbilt Ave,40.68940747,-73.96885458,BK69
60,261,Johnson St & Gold St,40.69474881,-73.98362464,BK38
61,262,Washington Park,40.6917823,-73.97372990000001,BK68
62,263,Elizabeth St & Hester St,40.71759082,-73.9962244,MN24
64,265,Stanton St & Chrystie St,40.72229346,-73.99147535,MN27
66,267,Broadway & W 36 St,40.75097711,-73.98765428,MN17
67,268,Howard St & Centre St,40.71910537,-73.99973337,MN24
68,270,Adelphi St & Myrtle Ave,40.69308257,-73.97178913,BK68
69,271,Ashland Pl & Hanson Pl,40.68522672,-73.97800148,BK68
70,274,Lafayette Ave & Fort Greene Pl,40.68691865,-73.976682,BK68
71,275,Washington Ave & Greene Ave,40.68650065,-73.96563307,BK69
72,276,Duane St & Greenwich St,40.71748752,-74.0104554,MN24
73,278,Concord St & Bridge St,40.69766564,-73.98476437,BK38
75,280,E 10 St & 5 Ave,40.73331967,-73.99510132,MN23
76,281,Grand Army Plaza & Central Park S,40.764397100000004,-73.97371465,MN17
77,282,Kent Ave & S 11 St,40.70764494,-73.96841526,BK73
78,284,Greenwich Ave & 8 Ave,40.73901691,-74.00263761,MN23
79,285,Broadway & E 14 St,40.73454567,-73.99074142,MN23
80,289,Monroe St & Classon Ave,40.684568299999995,-73.95881081,BK69
81,290,2 Ave & E 58 St,40.76020258,-73.96478473,MN19
83,293,Lafayette St & E 8 St,40.73020661,-73.99102628,MN23
84,294,Washington Square E,40.73049393,-73.99572140000001,MN23
85,295,Pike St & E Broadway,40.71406667,-73.99293911,MN27
86,296,Division St & Bowery,40.71413089,-73.99704679999999,MN27
87,297,E 15 St & 3 Ave,40.734232,-73.986923,MN21
88,298,3 Ave & Schermerhorn St,40.68683208,-73.9796772,BK38
89,300,Shevchenko Pl & E 7 St,40.728145,-73.990214,MN22
90,301,E 2 St & Avenue B,40.72217444,-73.98368779,MN22
92,303,Mercer St & Spring St,40.72362738,-73.99949601,MN24
94,305,E 58 St & 3 Ave,40.76095756,-73.96724467,MN19
97,308,St James Pl & Oliver St,40.71307916,-73.99851193,MN27
98,309,Murray St & West St,40.7149787,-74.013012,MN24
99,310,State St & Smith St,40.68926942,-73.98912867,BK38
100,311,Norfolk St & Broome St,40.7172274,-73.98802084,MN27
101,312,Allen St & Stanton St,40.722055,-73.989111,MN27
103,314,Cadman Plaza West & Montague St,40.69383,-73.990539,BK09
106,317,E 6 St & Avenue B,40.72453734,-73.98185424,MN22
107,318,E 43 St & Vanderbilt Ave,40.75320159,-73.9779874,MN17
109,320,Leonard St & Church St,40.717571,-74.005549,MN24
110,321,Cadman Plaza E & Red Cross Pl,40.69991755,-73.98971773,BK38
111,322,Clinton St & Tillary St,40.696191999999996,-73.991218,BK09
112,323,Lawrence St & Willoughby St,40.69236178,-73.98631746,BK38
113,324,DeKalb Ave & Hudson Ave,40.689888,-73.981013,BK68
114,325,E 19 St & 3 Ave,40.73624527,-73.98473765,MN21
115,326,E 11 St & 1 Ave,40.72953837,-73.98426726,MN22
117,328,Watts St & Greenwich St,40.72405549,-74.00965965,MN24
118,329,Greenwich St & North Moore St,40.72015227,-74.01036501,MN24
119,330,Reade St & Broadway,40.71450451,-74.00562789,MN24
122,334,W 20 St & 7 Ave,40.74238787,-73.99726235,MN13
123,335,Washington Pl & Broadway,40.72903917,-73.99404649,MN23
124,336,Sullivan St & Washington Sq,40.73047747,-73.99906065,MN23
131,344,Monroe St & Bedford Ave,40.6851443,-73.95380904,BK75
132,345,W 13 St & 6 Ave,40.73649403,-73.99704374,MN23
133,346,Bank St & Hudson St,40.73652889,-74.00618026,MN23
134,347,Greenwich St & W Houston St,40.728846000000004,-74.00859100000001,MN24
135,348,W Broadway & Spring St,40.72490985,-74.00154702,MN24
139,352,W 56 St & 6 Ave,40.76340613,-73.97722479,MN17
140,353,S Portland Ave & Hanson Pl,40.68539567,-73.97431458,BK68
141,354,Emerson Pl & Myrtle Ave,40.69363137,-73.96223558,BK69
142,355,Bayard St & Baxter St,40.71602118,-73.99974372,MN27
144,357,E 11 St & Broadway,40.73261787,-73.99158043,MN23
145,358,Christopher St & Greenwich St,40.73291553,-74.00711384,MN23
146,359,E 47 St & Park Ave,40.75510267,-73.97498696,MN19
148,361,Allen St & Hester St,40.71605866,-73.99190759,MN27
149,362,Broadway & W 37 St,40.75172632,-73.98753523,MN17
151,364,Lafayette Ave & Classon Ave,40.68900443,-73.96023854,BK69
152,365,Fulton St & Grand Ave,40.68223166,-73.9614583,BK69
153,366,Clinton Ave & Myrtle Ave,40.693261,-73.968896,BK68
154,367,E 53 St & Lexington Ave,40.75828065,-73.97069431,MN19
155,368,Carmine St & 6 Ave,40.73038599,-74.00214988,MN23
156,369,Washington Pl & 6 Ave,40.73224119,-74.00026394,MN23
157,372,Franklin Ave & Myrtle Ave,40.69454609,-73.95801365,BK75
158,373,Willoughby Ave & Walworth St,40.69331716,-73.95381995,BK75
159,375,Mercer St & Bleecker St S,40.72679454,-73.99695094,MN23
161,377,6 Ave & Canal St,40.72243797,-74.00566443,MN24
162,379,W 31 St & 7 Ave,40.749156,-73.9916,MN17
163,380,W 4 St & 7 Ave S,40.73401143,-74.00293877,MN23
164,382,University Pl & E 14 St,40.73492695,-73.99200509,MN23
165,383,Greenwich Ave & Charles St,40.735238,-74.000271,MN23
166,384,Fulton St & Washington Ave,40.683048,-73.964915,BK69
167,385,E 55 St & 2 Ave,40.75797322,-73.96603308,MN19
168,386,Centre St & Worth St,40.71494807,-74.00234482,MN24
169,387,Centre St & Chambers St,40.71273266,-74.0046073,MN24
170,388,W 26 St & 10 Ave,40.74971775,-74.00295035,MN13
171,389,Broadway & Berry St,40.71044554,-73.96525063,BK73
172,390,Duffield St & Willoughby St,40.69221589,-73.9842844,BK38
173,391,Clark St & Henry St,40.69760127,-73.99344559,BK09
174,392,Jay St & Tech Pl,40.695065,-73.987167,BK38
177,395,Bond St & Schermerhorn St,40.68807003,-73.98410637,BK38
178,396,Lefferts Pl & Franklin Ave,40.68034242,-73.95576894,BK69
179,397,Fulton St & Clermont Ave,40.68415748,-73.96922273,BK68
180,398,Atlantic Ave & Furman St,40.69165183,-73.99997859999999,BK33
181,399,Lafayette Ave & St James Pl,40.68851534,-73.9647628,BK69
183,401,Allen St & Rivington St,40.72019576,-73.98997825,MN27
184,402,Broadway & E 22 St,40.740343200000005,-73.98955109,MN13
185,403,E 2 St & 2 Ave,40.72502876,-73.99069656,MN22
186,404,9 Ave & W 14 St,40.7405826,-74.00550867,MN23
187,405,Washington St & Gansevoort St,40.739323,-74.008119,MN23
188,406,Hicks St & Montague St,40.69512845,-73.99595065,BK09
189,407,Henry St & Poplar St,40.700469,-73.991454,BK09
190,408,Market St & Cherry St,40.71076228,-73.99400398,MN27
191,409,DeKalb Ave & Skillman St,40.6906495,-73.95643107,BK75
192,410,Suffolk St & Stanton St,40.72066442,-73.98517977,MN27
194,412,Forsyth St & Canal St,40.715815500000005,-73.99422366,MN27
195,414,Pearl St & Anchorage Pl,40.70281858,-73.98765762,BK38
197,416,Cumberland St & Lafayette Ave,40.68753406,-73.97265183,BK68
198,417,Barclay St & Church St,40.71291224,-74.01020234,MN24
199,418,Front St & Gold St,40.70224,-73.982578,BK38
200,419,Carlton Ave & Park Ave,40.69580705,-73.97355569,BK68
201,420,Clermont Ave & Lafayette Ave,40.68764484,-73.96968902,BK69
202,421,Clermont Ave & Park Ave,40.69573398,-73.97129668,BK68
203,422,W 59 St & 10 Ave,40.770513,-73.988038,MN14
204,423,W 54 St & 9 Ave,40.76584941,-73.98690506,MN15
207,428,E 3 St & 1 Ave,40.72467721,-73.98783413,MN22
208,430,York St & Jay St,40.7014851,-73.98656928,BK38
209,431,Hanover Pl & Livingston St,40.68864636,-73.98263429,BK38
210,432,E 7 St & Avenue A,40.72621788,-73.98379855,MN22
211,433,E 13 St & Avenue A,40.72955361,-73.98057249,MN22
212,434,9 Ave & W 18 St,40.74317449,-74.00366443,MN13
213,435,W 21 St & 6 Ave,40.74173969,-73.99415556,MN13
214,436,Hancock St & Bedford Ave,40.68216564,-73.95399026,BK69
215,437,Macon St & Nostrand Ave,40.68098339,-73.95004798,BK75
216,438,St Marks Pl & 1 Ave,40.72779126,-73.98564945,MN22
217,439,E 4 St & 2 Ave,40.726280700000004,-73.98978041,MN22
218,440,E 45 St & 3 Ave,40.75255434,-73.97282625,MN19
219,441,E 52 St & 2 Ave,40.756014,-73.967416,MN19
220,442,W 27 St & 7 Ave,40.746646999999996,-73.993915,MN17
221,443,Bedford Ave & S 9 St,40.70853074,-73.96408963,BK73
222,444,Broadway & W 24 St,40.742354299999995,-73.98915076,MN13
223,445,E 10 St & Avenue A,40.72740794,-73.98142006,MN22
224,446,W 24 St & 7 Ave,40.74487634,-73.99529885,MN13
225,447,8 Ave & W 52 St,40.76370739,-73.9851615,MN15
226,448,W 37 St & 10 Ave,40.75660359,-73.9979009,MN13
227,449,W 52 St & 9 Ave,40.76461837,-73.98789473,MN15
228,450,W 49 St & 8 Ave,40.76227205,-73.98788205,MN15
229,453,W 22 St & 8 Ave,40.74475148,-73.99915362,MN13
230,454,E 51 St & 1 Ave,40.75455731,-73.96592976,MN19
231,455,1 Ave & E 44 St,40.75001986,-73.96905301,MN19
232,456,E 53 St & Madison Ave,40.75971079999999,-73.97402311,MN17
233,457,Broadway & W 58 St,40.76695317,-73.98169333,MN17
234,458,11 Ave & W 27 St,40.751396,-74.00522600000001,MN13
235,459,W 20 St & 11 Ave,40.746745000000004,-74.007756,MN13
236,460,S 4 St & Wythe Ave,40.71285887,-73.96590294,BK73
237,461,E 20 St & 2 Ave,40.73587678,-73.98205027,MN21
238,462,W 22 St & 10 Ave,40.74691959,-74.00451887,MN13
239,463,9 Ave & W 16 St,40.74206539,-74.00443172,MN13
240,464,E 56 St & 3 Ave,40.75934501,-73.96759673,MN19
241,465,Broadway & W 41 St,40.75513557,-73.98658032,MN17
242,466,W 25 St & 6 Ave,40.74395411,-73.99144871,MN13
243,467,Dean St & 4 Ave,40.68312489,-73.97895137,BK37
244,468,Broadway & W 56 St,40.7652654,-73.98192338,MN17
245,469,Broadway & W 53 St,40.76344058,-73.98268129,MN17
246,470,W 20 St & 8 Ave,40.74345335,-74.00004031,MN13
247,471,Grand St & Havemeyer St,40.71286844,-73.95698119,BK73
248,472,E 32 St & Park Ave,40.745712100000006,-73.98194829,MN20
249,473,Rivington St & Chrystie St,40.72110063,-73.99192540000001,MN27
250,474,5 Ave & E 29 St,40.7451677,-73.98683077,MN17
251,475,E 15 St & Irving Pl,40.73524276,-73.98758561,MN21
252,476,E 31 St & 3 Ave,40.74394314,-73.97966069,MN20
253,477,W 41 St & 8 Ave,40.75640548,-73.9900262,MN17
254,478,11 Ave & W 41 St,40.76030096,-73.99884222,MN13
255,479,9 Ave & W 45 St,40.76019252,-73.9912551,MN15
256,480,W 53 St & 10 Ave,40.76669671,-73.99061728,MN15
257,481,S 3 St & Bedford Ave,40.71260486,-73.96264403,BK73
258,482,W 15 St & 7 Ave,40.73935542,-73.99931783,MN13
259,483,E 12 St & 3 Ave,40.73223272,-73.98889957,MN22
260,484,W 44 St & 5 Ave,40.75500254,-73.98014437,MN17
261,485,W 37 St & 5 Ave,40.75038009,-73.98338988,MN17
262,486,Broadway & W 29 St,40.7462009,-73.98855723,MN17
263,487,E 20 St & FDR Drive,40.73314259,-73.97573881,MN50
264,488,W 39 St & 9 Ave,40.75645824,-73.99372222,MN15
265,489,10 Ave & W 28 St,40.75066386,-74.00176802,MN13
266,490,8 Ave & W 33 St,40.751551,-73.993934,MN17
267,491,E 24 St & Park Ave S,40.74096374,-73.98602213,MN13
268,492,W 33 St & 7 Ave,40.75019995,-73.99093085,MN17
269,493,W 45 St & 6 Ave (1),40.7568001,-73.98291153,MN17
270,494,W 26 St & 8 Ave,40.74734825,-73.99723551,MN13
271,495,W 47 St & 10 Ave,40.76269882,-73.99301222,MN15
272,496,E 16 St & 5 Ave,40.73726186,-73.99238967,MN13
273,497,E 17 St & Broadway,40.73704984,-73.99009296,MN13
274,498,Broadway & W 32 St,40.74854862,-73.98808416,MN17
275,499,Broadway & W 60 St,40.76915505,-73.98191841,MN14
276,500,Broadway & W 51 St,40.76228826,-73.98336183,MN17
277,501,FDR Drive & E 35 St,40.744219,-73.97121214,MN19
279,503,E 20 St & Park Ave,40.73827428,-73.98751968,MN21
280,504,1 Ave & E 16 St,40.73221853,-73.98165557,MN50
281,505,6 Ave & W 33 St,40.74901271,-73.98848395,MN17
282,507,E 25 St & 2 Ave,40.73912601,-73.97973776,MN20
283,508,W 46 St & 11 Ave,40.76341379,-73.99667444,MN15
284,509,9 Ave & W 22 St,40.7454973,-74.00197139,MN13
285,510,W 51 St & 6 Ave,40.7606597,-73.98042047,MN17
286,511,E 14 St & Avenue B,40.72938685,-73.97772429,MN50
287,512,W 29 St & 9 Ave,40.750072700000004,-73.99839279,MN13
288,513,W 56 St & 10 Ave,40.768254,-73.988639,MN15
289,514,12 Ave & W 40 St,40.76087502,-74.00277668,MN13
290,515,W 43 St & 10 Ave,40.76009437,-73.99461843,MN15
291,516,E 47 St & 1 Ave,40.75206862,-73.96784384,MN19
292,517,Pershing Square South,40.751581,-73.97791,MN20
293,518,E 39 St & 2 Ave,40.74780373,-73.97344190000001,MN20
294,519,Pershing Square North,40.751872999999996,-73.97770600000001,MN20
295,520,W 52 St & 5 Ave,40.75992262,-73.97648516,MN17
296,521,8 Ave & W 31 St N,40.75096735,-73.99444208,MN13
297,522,E 51 St & Lexington Ave,40.75714758,-73.97207836,MN19
298,523,W 38 St & 8 Ave,40.75466591,-73.99138152,MN17
299,524,W 43 St & 6 Ave,40.75527307,-73.98316936,MN17
300,525,W 34 St & 11 Ave,40.75594159,-74.0021163,MN13
301,526,E 33 St & 5 Ave,40.74765947,-73.98490707,MN17
302,527,E 33 St & 2 Ave,40.744023,-73.976056,MN20
303,528,2 Ave & E 31 St,40.74290902,-73.97706058,MN20
304,529,W 42 St & 8 Ave,40.75756989999999,-73.99098507,MN15
305,530,11 Ave & W 59 St,40.771522,-73.99054100000001,MN14
306,531,Forsyth St & Broome St,40.71893904,-73.99266288,MN27
307,532,S 5 Pl & S 5 St,40.710451,-73.960876,BK73
308,533,Broadway & W 38 St,40.75299641,-73.98721619,MN17
310,536,1 Ave & E 30 St,40.74144387,-73.97536082,MN20
311,537,Lexington Ave & E 24 St,40.74025878,-73.98409214,MN21
312,538,E 48 St & Madison Ave,40.75666,-73.97668399999999,MN17
313,539,Metropolitan Ave & Bedford Ave,40.71534825,-73.96024116,BK73
314,540,Lexington Ave & E 29 St,40.74311555,-73.98215353,MN20
315,545,E 23 St & 1 Ave,40.736502,-73.97809472,MN50
316,546,E 30 St & Park Ave S,40.74444921,-73.98303529,MN20
317,2000,Front St & Washington St,40.70255088,-73.98940236,BK38
319,2002,Wythe Ave & Metropolitan Ave,40.716887,-73.96319799999999,BK73
320,2003,1 Ave & E 18 St,40.73381219,-73.98054421,MN50
321,2004,6 Ave & Broome St,40.724399,-74.004704,MN24
325,2009,Catherine St & Monroe St,40.71117444,-73.99682619,MN27
326,2010,Grand St & Greene St,40.72165481,-74.00234737,MN24
327,2012,E 27 St & 1 Ave,40.739445,-73.97680600000001,MN20
328,2017,E 43 St & 2 Ave,40.75022392,-73.97121414,MN19
329,2021,W 45 St & 8 Ave,40.75929124,-73.98859651,MN15
331,2023,E 55 St & Lexington Ave,40.75968085,-73.97031366,MN19
332,3000,MLSWKiosk,40.755466999999996,-73.986536,MN17
334,3014,3969.TEMP (Bike The Branches - Central Branch),40.722852,-73.959114,BK73
335,3016,Mobile 01,40.77105186,-73.9643383,MN40
336,3017,NYCBS Depot - FAR,40.751483,-73.996764,MN13
338,3020,NYCBS Test,40.646606799999994,-74.01597,BK32
340,3039,NYCBS Depot - DYR,40.75908809,-73.99375051,MN15
341,3040,SSP Tech Workshop,40.646678,-74.016263,BK32
342,3041,Kingston Ave & Herkimer St,40.67890679,-73.94142771,BK61
343,3042,Fulton St & Utica Ave,40.6794268,-73.92989109999999,BK61
344,3043,Lewis Ave & Decatur St,40.6814598,-73.934903,BK35
345,3044,Albany Ave & Fulton St,40.6800105,-73.938475,BK35
346,3046,Marcus Garvey Blvd & Macon St,40.682601,-73.938037,BK35
347,3047,Halsey St & Tompkins Ave,40.682368700000005,-73.944118,BK75
348,3048,Putnam Ave & Nostrand Ave,40.684020000000004,-73.94977,BK75
349,3049,Cambridge Pl & Gates Ave,40.68488,-73.96304,BK69
350,3050,Putnam Ave & Throop Ave,40.6851532,-73.94111,BK35
351,3052,Lewis Ave & Madison St,40.686312,-73.935775,BK35
352,3053,Marcy Ave & Lafayette Ave,40.6900815,-73.94791500000001,BK75
353,3054,Greene Ave & Throop Ave,40.6894932,-73.942061,BK35
354,3055,Greene Ave & Nostrand Ave,40.68833370000001,-73.950916,BK75
355,3056,Kosciuszko St & Nostrand Ave,40.69072549,-73.95133465,BK75
356,3057,Kosciuszko St & Tompkins Ave,40.69128258,-73.9452416,BK75
357,3058,Lewis Ave & Kosciuszko St,40.69237074,-73.93705428,BK35
358,3059,Pulaski St & Marcus Garvey Blvd,40.693398200000004,-73.939877,BK35
359,3060,Willoughby Ave & Tompkins Ave,40.69425403,-73.94626915,BK75
360,3061,Throop Ave & Myrtle Ave,40.69622937,-73.94371094,BK75
361,3062,Myrtle Ave & Marcy Ave,40.69539817,-73.94954908,BK75
362,3063,Nostrand Ave & Myrtle Ave,40.69527008,-73.95238108,BK75
363,3064,Myrtle Ave & Lewis Ave,40.69681963,-73.93756926,BK35
364,3065,Union Ave & Wallabout St,40.70029511,-73.95032283,BK75
365,3066,Tompkins Ave & Hopkins St,40.69957608,-73.94708417,BK75
366,3067,Broadway & Whipple St,40.7016657,-73.9437303,BK75
367,3068,Humboldt St & Varet St,40.7031724,-73.940636,BK78
368,3069,Lorimer St & Broadway,40.70411791,-73.94818595,BK72
369,3070,McKibbin St & Manhattan Ave,40.70510918,-73.94407279,BK90
370,3071,Boerum St & Broadway,40.70538077,-73.94976519,BK90
371,3072,Leonard St & Boerum St,40.70583339,-73.94644578,BK90
372,3073,Division Ave & Hooper St,40.70691254,-73.95441667,BK72
373,3074,Montrose Ave & Bushwick Ave,40.70767788,-73.94016171,BK78
374,3075,Division Ave & Marcy Ave,40.70708701,-73.95796783,BK72
375,3076,Scholes St & Manhattan Ave,40.70870368,-73.9448625,BK90
376,3077,Stagg St & Union Ave,40.70877084,-73.95095259,BK73
377,3078,Broadway & Roebling St,40.70925562,-73.95982218,BK73
378,3079,Leonard St & Grand St,40.71103537,-73.94714303,BK90
379,3080,S 4 St & Rodney St,40.709340000000005,-73.95608,BK73
380,3081,Graham Ave & Grand St,40.711863,-73.944024,BK90
381,3082,Hope St & Union Ave,40.71167351,-73.95141312,BK73
382,3083,Bushwick Ave & Powers St,40.71247661,-73.94100005,BK90
383,3084,Devoe St & Leonard St,40.71348658,-73.94792458,BK90
384,3085,Roebling St & N 4 St,40.714690000000004,-73.95739,BK73
385,3086,Graham Ave & Conselyea St,40.715143,-73.944507,BK90
386,3087,Metropolitan Ave & Meeker Ave,40.71413311,-73.95234386,BK90
387,3088,Union Ave & Jackson St,40.7160751,-73.95202900000001,BK73
388,3089,Leonard St & Meeker Ave,40.7173184,-73.94820213,BK90
389,3090,N 8 St & Driggs Ave,40.71774592,-73.95600096,BK73
390,3091,Frost St & Meeker St,40.71764,-73.94882,BK73
391,3092,Berry St & N 8 St,40.7190095,-73.95852515,BK73
392,3093,N 6 St & Bedford Ave,40.71745169,-73.95850939,BK73
393,3094,Graham Ave & Withers St,40.7169811,-73.94485918,BK90
394,3095,Graham Ave & Herbert St,40.71929301,-73.94500379,BK90
395,3096,Union Ave & N 12 St,40.71924,-73.95241999999999,BK73
396,3097,N Henry St & Richardson St,40.71921585,-73.94244690000001,BK90
397,3098,Leonard St & Bayard St,40.71928,-73.94861,BK73
398,3099,Leonard St & Manhattan Ave,40.7215224,-73.94898266,BK73
399,3100,Nassau Ave & Newell St,40.72481256,-73.94752622,BK76
400,3101,N 12 St & Bedford Ave,40.72079821,-73.95484712,BK73
401,3102,Driggs Ave & Lorimer St,40.72179134,-73.95041540000001,BK73
402,3103,N 11 St & Wythe Ave,40.72153267,-73.95782357,BK73
403,3104,Kent Ave & N 7 St,40.72057658,-73.96150225,BK73
404,3105,N 15 St & Wythe Ave,40.724055,-73.955736,BK76
405,3106,Driggs Ave & N Henry St,40.72325,-73.94308000000001,BK76
406,3107,Bedford Ave & Nassau Ave,40.72311651,-73.95212324,BK73
407,3108,Nassau Ave & Russell St,40.725570000000005,-73.94434,BK76
408,3109,Banker St & Meserole Ave,40.72606,-73.95621,BK76
409,3110,Meserole Ave & Manhattan Ave,40.72708584,-73.95299117,BK76
410,3111,Norman Ave & Leonard St,40.725848299999996,-73.95064893,BK76
411,3112,Milton St & Franklin St,40.72906,-73.95779,BK76
412,3113,Greenpoint Ave & Manhattan Ave,40.730259999999994,-73.95394,BK76
413,3114,India St & East River,40.73165141,-73.96161892,BK76
414,3115,India St & Manhattan Ave,40.73232194,-73.9550858,BK76
415,3116,Huron St & Franklin St,40.732659999999996,-73.95826,BK76
416,3117,Franklin St & Dupont St,40.735640000000004,-73.95866,BK76
417,3118,McGuinness Blvd & Eagle St,40.73555,-73.95284000000001,BK76
418,3119,Vernon Blvd & 50 Ave,40.74232744,-73.95411749,QN31
419,3120,Center BlvdÂ & Borden Ave,40.741609999999994,-73.96044,QN31
420,3121,Jackson Ave & 46 Rd,40.74524768,-73.94733276,QN31
421,3122,48 Ave & 5 St,40.74436329,-73.95587325,QN31
422,3123,31 St & Thomson Ave,40.74469738,-73.93540375,QN31
423,3124,46 Ave & 5 St,40.74731,-73.95451,QN31
424,3125,45 Rd & 11 St,40.74708586,-73.94977234,QN31
425,3126,44 Dr & Jackson Ave,40.74718234,-73.9432635,QN31
426,3127,9 St & 44 Rd,40.74966,-73.9521,QN31
427,3128,21 St & 43 Ave,40.75052534,-73.94594845,QN31
428,3129,Queens Plaza North & Crescent St,40.75110165,-73.94073717,QN68
429,3130,21 St & Queens Plaza North,40.75325964,-73.94335788,QN68
431,3132,E 59 St & Madison Ave,40.76350532,-73.97109243,MN40
432,3133,E 67 St & Park Ave,40.76735637,-73.96493528,MN40
437,3138,E 77 St & Park Ave,40.77440546,-73.96175265,MN40
438,3139,E 72 St & Park Ave,40.77122923,-73.96432627,MN40
443,3144,E 81 St & Park Ave,40.77677702,-73.95900970000001,MN40
444,3145,E 84 St & Park Ave,40.77862688,-73.95772073,MN40
445,3146,E 81 St & 3 Ave,40.77573034,-73.9567526,MN40
453,3154,E 77 St & 3 Ave,40.77314236,-73.95856158,MN40
454,3155,Lexington Ave & E 63 St,40.76440023,-73.96648977,MN40
457,3158,W 63 St & Broadway,40.77163851,-73.98261428,MN14
458,3159,W 67 St & Broadway,40.77492513,-73.98266566,MN14
460,3161,W 76 St & Columbus Ave,40.78018397,-73.97728533,MN12
461,3162,W 78 St & Broadway,40.78339981,-73.98093133,MN12
463,3164,Columbus Ave & W 72 St,40.7770575,-73.97898475,MN14
465,3166,Riverside Dr & W 72 St ,40.78057799,-73.98562431,MN12
466,3167,Amsterdam Ave & W 73 St,40.77966809,-73.98093045,MN14
468,3169,Riverside Dr & W 82 St,40.78720869,-73.98128127,MN12
469,3170,W 84 St & Columbus Ave,40.78499979,-73.97283406,MN12
470,3171,Amsterdam Ave & W 82 St,40.78524672,-73.97667321,MN12
471,3172,W 74 St & Columbus Ave,40.7785669,-73.97754961,MN14
472,3173,Riverside Blvd & W 67 St,40.77750703,-73.98888588,MN14
473,3175,W 70 St & Amsterdam Ave,40.77748046,-73.98288594,MN14
474,3176,W 64 St & West End Ave,40.77452835,-73.98753759,MN14
475,3177,W 84 St & Broadway,40.7867947,-73.977112,MN12
476,3178,Riverside Dr & W 78 St,40.78414472,-73.98362492,MN12
477,3179,Park Ave & Marcus Garvey Blvd,40.698617,-73.941342,BK78
478,3180,Brooklyn Bridge Park - Pier 2,40.69878,-73.99712,BK09
506,3219,NYCBS Depot - STY,40.729193,-73.97665500000001,MN50
508,3221,47 Ave & 31 St,40.743,-73.93561,QN31
509,3222,Hanson Pl & St Felix St,40.6851596,-73.97711366,BK68
510,3223,E 55 St & 3 Ave,40.75899656,-73.96865398,MN19
511,3224,W 13 St & Hudson St,40.73997354,-74.00513873,MN23
513,3226,W 82 St & Central Park West,40.78275,-73.97137,MN12
514,3229,Marcy Ave & MacDonough St,40.68061768,-73.94624949,BK75
515,3230,Penn Station Valet,40.7512836,-73.99692446,MN13
516,3231,E 67 St & Park Ave,40.767800799999996,-73.96592081,MN40
517,3232,Bond St & Fulton St,40.68962189,-73.98304269,BK38
518,3233,E 48 St & 5 Ave,40.75724568,-73.97805914,MN17
519,3234,E 40 St & Madison Ave,40.75159368,-73.98043156,MN20
520,3235,E 41 St & Madison Ave,40.75216528,-73.97992194,MN20
521,3236,PABT Valet,40.75898481,-73.99379969,MN15
522,3237,21 St & 41 Ave,40.75383343,-73.94267678,QN68
524,3239,Bressler,40.64653837,-74.01658773,BK32
526,3241,Monroe St & Tompkins Ave,40.686203000000006,-73.944694,BK75
527,3242,Schermerhorn St & Court St,40.69102926,-73.99183363,BK09
528,3243,E 58 St & 1 Ave,40.75892386,-73.96226227,MN19
529,3244,University Pl & E 8 St,40.73143724,-73.99490342,MN23
530,3245,Kiosk in a box Motivate,40.6466779,-74.01630342,BK32
531,3246,Montague St & Clinton St,40.69428114,-73.99230033,BK09
534,3249,Verona Pl & Fulton St,40.68035608,-73.9476791,BK75
536,3252,Bike The Branches - Red Hook Branch,40.67534953,-74.01002035,BK33
539,3255,8 Ave & W 31 St,40.75058535,-73.99468482,MN13
540,3256,Pier 40 - Hudson River Park,40.72771408,-74.01129574,MN24
542,3258,W 27 St & 10 Ave,40.75018156,-74.00218427,MN13
543,3259,9 Ave & W 28 St,40.74937024,-73.99923384,MN13
544,3260,Mercer St & Bleecker St,40.72706363,-73.99662137,MN23
545,3263,Cooper Square & E 7 St,40.7292365,-73.99086803,MN22
546,3264,E 61 St & Park Ave,40.76421007,-73.96910459,MN40
547,3265,E 2 St & 2 Ave,40.72456343,-73.98944378,MN22
548,3266,Kiosk in a box Deployment,40.70861098,-73.92850399,BK90
562,3283,W 89 St & Columbus Ave,40.7882213,-73.97041561,MN12
563,3284,E 88 St & Park Ave,40.7814107,-73.95595908,MN40
564,3285,W 87 St  & Amsterdam Ave,40.78839,-73.9747,MN12
566,3287,W 87 St & West End Ave,40.790261,-73.977131,MN12
568,3289,W 90 St & Amsterdam Ave,40.79017948,-73.97288918,MN12
570,3291,Riverside Dr & W 91 St,40.7933718,-73.97685115,MN12
572,3293,W 92 St & Broadway,40.7921,-73.9739,MN12
573,3294,E 91 St & Park Ave,40.7835016,-73.955327,MN40
576,3297,6 St & 7 Ave,40.668662700000006,-73.97988067,BK37
577,3298,Warren St & Court St,40.686371,-73.99383324,BK38
578,3299,E 98 St & Park Ave,40.788129999999995,-73.95206,MN33
580,3301,Columbus Ave & W 95 St,40.7919557,-73.968087,MN12
581,3302,Columbus Ave & W 103 St,40.7969347,-73.96434123,MN12
582,3303,Butler St & Court St,40.6849894,-73.99440329,BK38
583,3304,6 Ave & 9 St,40.668127,-73.98377641,BK37
585,3306,10 St & 7 Ave,40.666207799999995,-73.98199886,BK37
586,3307,West End Ave & W 94 St,40.7941654,-73.974124,MN12
587,3308,Kane St & Clinton St,40.686175799999994,-73.99645295,BK33
588,3309,E 97 St & 3 Ave,40.7859201,-73.94860294,MN33
589,3310,14 St & 7 Ave,40.663779,-73.98396846,BK37
590,3311,Columbia St & Kane St,40.68763155,-74.0016256,BK33
592,3313,6 Ave & 12 St,40.666318100000005,-73.9854617,BK37
593,3314,W 95 St & Broadway,40.7937704,-73.971888,MN12
594,3315,Henry St & Degraw St,40.684751399999996,-73.99917254,BK33
595,3316,W 104 St & Amsterdam Ave,40.798993700000004,-73.96621738,MN12
596,3317,10 St & 5 Ave,40.6686273,-73.98700053,BK37
598,3319,14 St & 5 Ave,40.666287,-73.98895053,BK37
599,3320,Central Park West & W 100 St,40.793393,-73.96355559999999,MN12
600,3321,Clinton St & Union St,40.683116399999996,-73.99785267,BK33
601,3322,12 St & 4 Ave,40.668603000000004,-73.99043940000001,BK37
602,3323,W 106 St & Central Park West,40.798185600000004,-73.96059090000001,MN12
603,3324,3 Ave & 14 St,40.6685455,-73.99333264,BK37
604,3325,E 95 St & 3 Ave,40.7849032,-73.950503,MN40
605,3326,Clinton St & Centre St,40.67434,-74.00194698,BK33
606,3327,3 Ave & E 100 St,40.787721399999995,-73.94728331,MN33
607,3328,W 100 St & Manhattan Ave,40.795,-73.9645,MN12
608,3329,Degraw St & Smith St,40.6829151,-73.99318208,BK33
609,3330,Henry St & Bay St,40.672505799999996,-74.00494695,BK33
610,3331,Riverside Dr & W 104 St,40.8013434,-73.97114574,MN12
611,3332,Degraw St & Hoyt St,40.68199044,-73.99079025,BK33
612,3333,Columbia St & Lorraine St,40.6747055,-74.00755720000001,BK33
613,3335,Union St & 4 Ave,40.6772744,-73.98282002,BK37
614,3336,E 97 St & Madison Ave,40.787801,-73.953559,MN33
615,3337,Dwight St & Van Dyke St,40.67363551,-74.01195556,BK33
616,3338,2 Ave & E 99 St,40.786258600000004,-73.94552579,MN33
617,3339,Berkeley Pl & 6 Ave,40.6765304,-73.97846879,BK37
618,3340,Wolcott St & Dwight St,40.6753274,-74.0100698,BK33
620,3342,Pioneer St & Richards St,40.677774799999995,-74.0094613,BK33
621,3343,W 107 St & Columbus Ave,40.7997568,-73.96211287,MN09
622,3344,Pioneer St & Van Brunt St,40.679043,-74.011169,BK33
623,3345,Madison Ave & E 99 St,40.78948542,-73.95242929,MN33
624,3346,Berkeley Pl & 7 Ave,40.67514684,-73.97523209,BK37
625,3347,Van Brunt St & Wolcott St,40.6773429,-74.01275056,BK33
626,3348,Coffey St & Conover St,40.677236,-74.015665,BK33
627,3349,Grand Army Plaza & Plaza St West,40.6729679,-73.97087984,BK37
628,3350,W 100 St & Broadway,40.797372100000004,-73.97041192,MN12
629,3351,E 102 St & 1 Ave,40.7869946,-73.94164802,MN33
630,3352,Sigourney St & Columbia St,40.67267243,-74.00879525,BK33
631,3353,Reed St & Van Brunt St,40.6747844,-74.01612847,BK33
633,3355,E 66 St & Madison Ave,40.76800889,-73.96845281,MN40
634,3356,Amsterdam Ave & W 66 St,40.7746671,-73.98470567,MN14
635,3357,W 106 St & Amsterdam Ave,40.80083629999999,-73.96644925,MN09
636,3358,Garfield Pl & 8 Ave,40.671197799999995,-73.97484126,BK37
637,3359,E 68 St & Madison Ave,40.7691572,-73.96703464,MN40
638,3360,Amsterdam Ave & W 79 St,40.7829391,-73.9786517,MN12
639,3361,Carroll St & 6 Ave,40.6740886,-73.9787282,BK37
640,3362,Madison Ave & E 82 St,40.7781314,-73.96069399,MN40
641,3363,E 102 St & Park Ave,40.7904828,-73.95033068,MN33
642,3364,Carroll St & 5 Ave,40.6751622,-73.9814832,BK37
643,3365,3 St & 7 Ave,40.67038370000001,-73.97839676,BK37
644,3366,West End Ave & W 107 St,40.8021174,-73.96818053,MN09
645,3367,5 Ave & E 103 St,40.792255299999994,-73.95249933,MN33
646,3368,5 Ave & 3 St,40.672815500000006,-73.98352355,BK37
649,3371,4 Ave & 2 St,40.67461342,-73.98501143,BK37
651,3373,3 St & 3 Ave,40.675070500000004,-73.98775226,BK37
653,3375,3 Ave & E 72 St,40.7699426,-73.96060712,MN40
655,3377,Carroll St & Bond St,40.6786115,-73.99037292,BK33
656,3378,E 76 St & Park Ave,40.773763,-73.96222088,MN40
657,3379,E 103 St & Lexington Ave,40.790305100000005,-73.94755757,MN33
658,3381,3 St & Hoyt St,40.6777287,-73.99364123,BK33
659,3382,Carroll St & Smith St,40.680611,-73.99475825,BK33
660,3383,Cathedral Pkwy & Broadway,40.804213,-73.96699104,MN09
661,3384,Smith St & 3 St,40.678724200000005,-73.99599099,BK33
662,3385,2 Ave & E 105 St,40.7898175,-73.94296109,MN33
663,3386,1 Pl & Clinton St,40.6809591,-73.99905709,BK33
664,3387,E 106 St & Madison Ave,40.79343370000001,-73.94945003,MN33
665,3388,President St & Henry St,40.6828003,-73.99990419,BK33
666,3389,Carroll St & Columbia St,40.6830456,-74.00348559,BK33
667,3390,E 109 St & 3 Ave,40.79329668,-73.9432083,MN33
668,3391,E 106 St & 1 Ave,40.7892529,-73.93956237,MN33
669,3392,Commerce St & Van Brunt St,40.681211700000006,-74.00860912,BK33
670,3393,Richards St & Delavan St,40.67943270000001,-74.00785041,BK33
671,3394,Columbia St & W 9 St,40.6769993,-74.00647134,BK33
672,3395,Henry St & W 9 St,40.6763744,-74.00324957,BK33
673,3396,Clinton St & 4 Place,40.6783563,-74.00014502,BK33
674,3397,Court St & Nelson St,40.6763947,-73.99869893,BK33
675,3398,Smith St & 9 St,40.67469570000001,-73.99785768,BK33
676,3399,7 St & 3 Ave,40.67260298,-73.98983002,BK37
677,3400,E 110 St & Madison Ave,40.796153499999996,-73.94782145,MN33
678,3401,2 Ave & 9 St,40.6724811,-73.99331394,BK37
679,3402,Court St & State St,40.6902375,-73.99203074,BK09
680,3403,4 Ave & 9 St,40.6705135,-73.98876585,BK37
681,3404,7 St & 5 Ave,40.670492200000005,-73.98541675,BK37
682,3405,5 St & 6 Ave,40.670483600000004,-73.98208968,BK37
683,3407,Union St & Nevins St,40.679097999999996,-73.98765475,BK37
684,3408,Congress St & Clinton St,40.6881529,-73.99520919,BK33
685,3409,Bergen St & Smith St,40.686744299999994,-73.99063168,BK38
686,3410,Dean St & Hoyt St,40.686444200000004,-73.98759104,BK38
687,3411,Bond St & Bergen St,40.6849668,-73.98620772,BK38
688,3412,Pacific St & Nevins St,40.6853761,-73.98302136,BK38
689,3413,Wyckoff St & 3 Ave,40.6827549,-73.98258555,BK38
690,3414,Bergen St & Flatbush Ave,40.68094472,-73.97567332,BK37
691,3415,Prospect Pl & 6 Ave,40.6793307,-73.97519523,BK64
692,3416,7 Ave & Park Pl,40.67761470000001,-73.97324283,BK64
693,3417,Baltic St & 5 Ave,40.6795766,-73.97854971,BK37
694,3418,Plaza St West & Flatbush Ave,40.675020700000005,-73.97111473,BK37
695,3419,Douglass St & 4 Ave,40.67927879999999,-73.98154004,BK37
696,3420,Douglass St & 3 Ave,40.6802133,-73.98432695,BK37
697,3421,Hoyt St & Warren St,40.6843549,-73.98901629,BK38
698,3422,Columbia St & Degraw St,40.6859296,-74.00242364,BK33
700,3424,E 106 St & Lexington Ave,40.791976,-73.945993,MN33
701,3425,2 Ave  & E 104 St,40.789210499999996,-73.94370784,MN33
703,3427,Lafayette St & Jersey St,40.72430527,-73.99600983,MN24
704,3428,8 Ave & W 16 St,40.740983,-74.00170200000001,MN13
705,3429,Hanson Pl & Ashland Pl,40.68506807,-73.9779076,BK68
706,3430,Richardson St & N Henry St,40.71907891,-73.94223690000001,BK90
707,3431,E 35 St & 3 Ave,40.746524,-73.977885,MN20
709,3434,W 88 St & West End Ave,40.79025417,-73.9771834,MN12
710,3435,Grand St & Elizabeth St,40.718821999999996,-73.99596,MN24
711,3436,Greenwich St & Hubert St,40.721319,-74.010065,MN24
712,3437,Riverside Dr & W 91 St,40.79313481,-73.97700369,MN12
714,3439,Broadway & E 22 St - Valet Scan,40.740343200000005,-73.9895511,MN13
715,3440,Fulton St & Adams St,40.69241829,-73.98949474,BK38
716,3441,10 Hudson Yards,40.752957,-74.00264,MN13
717,3443,W 52 St & 6 Ave,40.76132983,-73.97982001,MN17
718,3445,Riverside Dr & W 89 St,40.79181172,-73.97860229,MN12
721,3449,Eckford St & Engert Ave,40.72146256,-73.94800901,BK76
722,3450,Penn Station Valet - Valet Scan,40.7512836,-73.9969245,MN13
723,3452,Bayard St & Leonard St,40.71915572,-73.94885391,BK73
724,3453,Devoe St & Lorimer St,40.71335226,-73.94910336,BK90
725,3454,Leonard St & Maujer St,40.71036854,-73.94705951,BK90
726,3455,Schermerhorn St & 3 Ave,40.68680821,-73.98036182,BK38
727,3456,Jackson St & Leonard St,40.71638032,-73.94821286,BK90
728,3457,E 58 St & Madison Ave,40.76302594,-73.97209525,MN17
729,3458,W 55 St & 6 Ave,40.76309387,-73.97835016,MN17
730,3459,E 53 St & 3 Ave,40.75763228,-73.96930575,MN19
731,3461,Murray St & Greenwich St,40.71485151,-74.01122332,MN24
732,3462,E 44 St & 2 Ave,40.75118387,-73.97138715,MN19
733,3463,E 16 St & Irving Pl,40.73536706,-73.98797393,MN21
734,3464,W 37 St & Broadway,40.75227094,-73.98770571,MN17
735,3466,W 45 St & 6 Ave,40.75668721,-73.98257732,MN17
736,3467,W Broadway & Spring Street,40.72494672,-74.00165856,MN24
737,3468,NYCBS Depot - STY - Garage 4,40.730380100000005,-73.9747502,MN50
738,3469,India St & West St,40.73181402,-73.95995021,BK76
739,3470,Gowanus Tech Station,40.66980193,-73.99490476,BK37
740,3471,NYCBS Depot - GOW Annex,40.66888416,-73.99481356,BK37
741,3472,W 15 St & 10 Ave,40.74275383,-74.00747359,MN13
742,3474,6 Ave & Spring St,40.725255700000005,-74.00412083,MN24
743,3476,Norman Ave & Leonard St,40.72576997,-73.9507395,BK76
744,3477,39 St & 2 Ave - Citi Bike HQ at Industry City,40.65539977,-74.01062787,BK32
745,3478,2 Ave & 36 St - Citi Bike HQ at Industry City,40.65708867,-74.00870204,BK32
751,3486,Schermerhorn St & Bond St,40.68841743,-73.98451656,BK38
752,3487,Prototype Lab Motivate Headquarters,40.65659567,-74.00849283,BK32
755,3490,E 116 St & 2 Ave,40.796879,-73.93726099999999,MN34
756,3491,E 118 St & 1 Ave,40.797470000000004,-73.93504,MN34
757,3492,E 118 St & Park Ave,40.8005385,-73.9419949,MN34
758,3493,E 118 St & 3 Ave,40.799139000000004,-73.9389152,MN34
759,3494,E 115 St & Lexington Ave,40.797911,-73.9423,MN34
760,3495,E 114 St & 1 Ave,40.79456629999999,-73.9362541,MN34
761,3496,1 Ave & E 110 St,40.7923272,-73.9383,MN34
762,3497,Pleasant Ave & E 116 St,40.794987899999995,-73.9333349,MN34
763,3498,Pleasant Ave & E 120 St,40.7974772,-73.9311847,MN34
764,3499,2 Ave & E 122 St,40.8006721,-73.9349,MN34
765,3500,E 115 St & Madison Ave,40.7989445,-73.944846,MN34
766,3501,E 118 St & Madison Ave,40.801486600000004,-73.9442507,MN34
767,3502,Lexington Ave & E 111 St,40.79541210000001,-73.9441232,MN33
768,3503,Madison Ave & E 120 St,40.80295,-73.942954,MN34
769,3504,E 123 St & Lexington Ave,40.802926299999996,-73.9379,MN34
770,3505,Lexington Ave & E 127 St,40.805726,-73.936322,MN34
771,3506,Lexington Ave & E 120 St,40.8013066,-73.93981670000001,MN34
772,3507,Park Ave & E 124 St,40.8045555,-73.93968609999999,MN34
773,3508,St Nicholas Ave & Manhattan Ave,40.809725,-73.953149,MN11
774,3509,Lenox Ave & W 115 St,40.8011939,-73.9500739,MN11
775,3510,Adam Clayton Powell Blvd & W 123 St,40.8078316,-73.949373,MN11
776,3511,Adam Clayton Powell Blvd & W 115 St,40.802535,-73.9532423,MN11
777,3512,27 Ave & 4 St,40.7747175,-73.93378940000001,QN71
778,3513,21 St & Hoyt Ave S,40.774645,-73.92370600000001,QN72
780,3515,24 Ave & 26 St,40.774591,-73.918544,QN72
781,3516,31 St & Astoria Blvd,40.76991760000001,-73.91840570000001,QN71
782,3517,31 St & Hoyt Ave N,40.771152799999996,-73.9170074,QN72
783,3518,Lenox Ave & W 126 St,40.808442,-73.94520870000001,MN11
784,3520,Adam Clayton Powell Blvd & W 118 St,40.804372,-73.951475,MN11
785,3521,Lenox Ave & W 111 St,40.7987859,-73.9523,MN11
786,3522,37 St & 24 Ave,40.7701477,-73.9120938,QN72
787,3523,24 Ave & 29 St,40.7729,-73.91614200000001,QN72
788,3524,19 St & 24 Ave,40.777455200000006,-73.9225403,QN72
789,3525,23 Ave & 27 St,40.776165,-73.9153175,QN72
790,3526,31 St & 23 Ave,40.7747878,-73.91255509999999,QN72
791,3527,5 Ave & E 126 St,40.806979999999996,-73.94174699999999,MN34
792,3528,Steinway St & 23 Ave,40.771393700000004,-73.9077436,QN72
793,3529,Lenox Ave & W 130 St,40.8107922,-73.9430681,MN03
794,3530,Crescent St & Ditmars Blvd,40.7787185,-73.9145645,QN72
795,3531,Frederick Douglass Blvd & W 129 St,40.8125511,-73.9492286,MN03
797,3533,St. Nicholas Ave & W 126 St,40.8114323,-73.95187759999999,MN03
798,3534,Frederick Douglass Blvd & W 117 St,40.805159,-73.95469200000001,MN11
799,3535,Mt Morris Park W & W 120 St,40.804038,-73.945925,MN34
800,3536,W 116 St & Broadway,40.8082,-73.9641,MN09
801,3537,Carlton Ave & Dean St,40.68097410000001,-73.97100970000001,BK64
802,3538,W 110 St & Amsterdam Ave,40.802692,-73.96295,MN09
803,3539,W 116 St & Amsterdam Ave,40.8067581,-73.9607082,MN09
804,3540,Morningside Ave & W 123 St,40.81,-73.9551508,MN09
805,3541,Amsterdam Ave & W 125 St,40.813358,-73.956461,MN09
806,3542,Amsterdam Ave & W 119 St,40.8086249,-73.9596214,MN09
807,3543,Morningside Dr & Amsterdam Ave,40.81028506,-73.95736456,MN09
808,3544,Underhill Ave & Pacific St,40.6804836,-73.9646795,BK64
809,3545,Broadway & W 122 St,40.8120562,-73.9612547,MN09
810,3546,Pacific St & Classon Ave,40.67919439999999,-73.95879029999999,BK61
811,3547,Broadway & Moylan Pl,40.8143256,-73.9590255,MN09
812,3548,Pacific St & Bedford Ave,40.6777747,-73.9529322,BK61
813,3549,Grand Ave & Bergen St,40.678045000000004,-73.962408,BK64
814,3550,Convent Ave & W 129 St,40.81413,-73.953005,MN06
815,3551,3 Ave & E 112 St,40.795508,-73.94160600000001,MN34
816,3552,W 113 St & Broadway,40.805973,-73.964928,MN09
817,3553,Frederick Douglass Blvd & W 112 St,40.801694,-73.957145,MN11
818,3554,Vernon Blvd & 41 Rd,40.7552433,-73.94856779999999,QN68
819,3555,28 St & 41 Ave,40.751047,-73.93796999999999,QN68
820,3556,24 St & 41 Ave,40.752708500000004,-73.9397405,QN68
821,3557,40 Ave & 9 St,40.75742,-73.945133,QN68
822,3558,Bergen St & Vanderbilt Ave,40.6794388,-73.96804379999999,BK64
823,3559,21 St & 38 Ave,40.7576314,-73.9391224,QN68
824,3560,28 St & 38 Ave,40.754876,-73.934326,QN68
825,3561,37 Ave & 35 St,40.7531106,-73.9279917,QN68
826,3562,Classon Ave & St Marks Ave,40.676519799999994,-73.9596082,BK61
827,3563,28 St & 36 Ave,40.757186,-73.93271899999999,QN68
828,3564,21 St & 36 Ave,40.760185299999996,-73.9362726,QN70
829,3565,36 Ave & 10 St,40.7614376,-73.9411265,QN68
830,3566,Crescent St & 35 Ave,40.7596276,-73.93214549999999,QN70
831,3567,11 St & 35 Ave,40.76274420000001,-73.9391141,QN68
832,3568,34 St & 35 Ave,40.756933200000006,-73.92622309999999,QN70
833,3569,Franklin Ave & St Marks Ave,40.6758324,-73.95616770000001,BK61
834,3570,35 Ave & 37 St,40.7557327,-73.92366109999999,QN70
835,3571,Bedford Ave & Bergen St,40.676368,-73.95291800000001,BK61
836,3572,34 Ave & 38 St,40.756913,-73.921631,QN70
837,3573,35 St & 34 Ave,40.7580583,-73.92427509999999,QN70
838,3574,Prospect Pl & Underhill Ave,40.6769694,-73.96579,BK64
839,3575,Crescent St & 34 Ave,40.76108,-73.930562,QN70
840,3576,Park Pl & Vanderbilt Ave,40.6767,-73.969024,BK64
841,3577,34 Ave & 21 St,40.762813799999996,-73.9342862,QN68
842,3578,Park Pl & Franklin Ave,40.67418060000001,-73.95649470000001,BK61
843,3579,Sterling Pl & Bedford Ave,40.672695000000004,-73.954131,BK61
844,3580,St Johns Pl & Washington Ave,40.6737236,-73.9631611,BK64
845,3581,Underhill Ave & Lincoln Pl,40.674012299999994,-73.9671457,BK64
846,3582,Lincoln Pl & Classon Ave,40.672168299999996,-73.9609,BK61
848,3584,Eastern Pkwy & Franklin Ave,40.670776700000005,-73.9576801,BK61
849,3585,Union St & Bedford Ave,40.6691783,-73.9554162,BK63
850,3586,34 Ave & 13 St,40.763875299999995,-73.9364848,QN68
851,3587,Carroll St & Washington Ave,40.6686744,-73.9618148,BK63
852,3588,Vernon Blvd & 10 St,40.7671863,-73.9373554,QN70
853,3589,Broadway & 12 St,40.7668,-73.93477740000002,QN70
854,3590,Carroll St & Franklin Ave,40.6679411,-73.9588,BK63
855,3591,21 St & 31 Dr,40.7659,-73.930819,QN70
856,3592,Crescent St & Broadway,40.7633589,-73.92864709999999,QN70
857,3593,31 St & Broadway,40.761584,-73.925921,QN70
858,3594,Montgomery St & Franklin Ave OLD,40.6661649,-73.95934840000001,BK63
859,3595,35 St & Broadway,40.760339,-73.9222427,QN70
860,3596,Sullivan Pl & Bedford Ave,40.6642406,-73.9574686,BK60
861,3597,43 St & Broadway,40.7577284,-73.9166368,QN70
862,3598,Newton Rd & 44 St,40.7595701,-73.91426779999999,QN70
863,3599,Franklin Ave & Empire Blvd,40.663140000000006,-73.96056949999999,BK60
864,3601,Sterling St & Bedford Ave,40.6627059,-73.9569115,BK60
865,3602,31 Ave & 34 St,40.763154,-73.920827,QN70
866,3603,31 Ave & 30 St,40.7647,-73.9240312,QN70
867,3604,Rogers Ave & Sterling St,40.6630619,-73.95387459999999,BK60
868,3605,31 Ave & Crescent St,40.765834600000005,-73.9265474,QN71
869,3606,49 Ave & 21 St,40.74252,-73.948852,QN31
870,3607,31 Ave & 14 St,40.7682,-73.9322662,QN70
871,3608,5 St & 51 Ave,40.7423737,-73.9566,QN31
872,3609,Vernon Blvd & 31 Ave,40.7692475,-73.93545040000001,QN71
873,3610,Vernon Blvd & 30 Rd,40.770845,-73.93417099999999,QN71
874,3611,Vernon Blvd & 47 Rd,40.7449067,-73.9534573,QN31
875,3612,30 Ave & 21 St,40.77037429999999,-73.9286078,QN71
876,3613,Center Blvd & 48 Ave,40.745038,-73.957539,QN31
877,3614,Crescent St & 30 Ave,40.768692,-73.9249574,QN71
878,3615,44 Dr & 21 St,40.748000000000005,-73.94609270000001,QN31
879,3616,Steinway St & 28 Ave,40.7656251,-73.9136695,QN70
880,3617,28 Ave & 35 St,40.7671,-73.9169858,QN70
881,3618,27 St & Hunter St,40.7485,-73.941275,QN31
882,3619,Newtown Ave & 23 St,40.7713615,-73.9246145,QN71
883,3620,11 St & 43 Ave,40.7519071,-73.94791190000001,QN31
884,3621,27 Ave & 9 St,40.7739825,-73.93091340000001,QN71
885,3622,E 128 St & Madison Ave,40.807559999999995,-73.93918199999999,MN03
886,3623,W 120 St & Claremont Ave,40.8109494,-73.9634,MN09
887,3625,28 St & 40 Ave,40.752575799999995,-73.9364281,QN68
888,3628,Lenox Ave & W 117 St,40.8025566,-73.9490782,MN11
889,3629,Adam Clayton Powell Blvd & W 126 St,40.80949535,-73.94776493,MN11
890,3630,Frederick Douglass Blvd & W 115 St,40.8038654,-73.95593079999999,MN11
891,3631,Crown St & Bedford Ave,40.666563000000004,-73.95674100000001,BK63
894,3635,W 36 St & 9 Ave,40.75462324,-73.99516761,MN13
895,3636,Expansion Warehouse 333 Johnson Ave,40.70773148,-73.93452287,BK78
896,3637,Fulton St & Waverly Ave,40.68323865,-73.96599591,BK69
900,3641,Broadway & W 25 St,40.74286877,-73.98918629,MN13
901,3642,E 98 St & Lexington Ave,40.7872852,-73.95012259,MN33
902,3643,E 41 St & 5 Ave,40.75272201,-73.98123622,MN20
903,3644,Van Dyke St & Van Brunt St,40.67581623,-74.01488185,BK33
904,3645,Pathmark Depot,40.67233267,-73.99706125,BK37
905,3646,35 Ave & 10 St,40.76315482,-73.9398551,QN68
906,3647,48 Ave & 30 Pl,40.74128309,-73.93725872,QN31
908,3649,W 129 St & Convent Ave,40.81439444,-73.95324737,MN06
911,3652,NYCBS Depot - 3AV,40.67013328,-73.99230838,BK37
912,3653,31 St & 35 Ave,40.75820465,-73.92832159999999,QN70
913,3654,31 St & Northern Blvd,40.75186951,-73.9334929,QN68
914,3656,E 2 St & Avenue A,40.72307749,-73.98583621,MN22
915,3658,W 18 St & 9 Ave,40.74353373,-74.00367558,MN13
916,3659,W 17 St & 9 Ave,40.74294892,-74.00413692,MN13
917,3660,W 16 St & 8 Ave,40.74102151,-74.00138497,MN13
918,3661,Montgomery St & Franklin Ave,40.66643931,-73.96055639,BK63
919,3662,31 Ave & Steinway St,40.7612939,-73.91691685,QN70
920,3663,Sterling Pl & 7 Ave,40.67716489,-73.97382796,BK64
921,3664,North Moore St & Greenwich St,40.72019521,-74.01030064,MN24
922,3666,32 St & 30 Ave,40.76642553,-73.92062902,QN70
923,3668,Leonard St & Nassau Ave,40.72395678,-73.94984365,BK76
924,3669,Henry St & W 9 St,40.67630358,-74.00314048,BK33
926,3672,Apache,40.66976709,-73.99474382,BK37
927,3673,Dean St & Franklin Ave,40.67759207,-73.95563722,BK61
928,3674,Jay St & York St,40.70140317,-73.9867267,BK38
930,3676,Van Brunt St & Van Dyke St,40.67583294,-74.01472628,BK33
932,3680,E 43 St & 5 Ave,40.75412081,-73.98025185,MN17
935,3684,W 12 St & W 4 St,40.73756121,-74.00398269,MN23
937,3686,Gansevoort St & Hudson St,40.739448200000005,-74.00507033,MN23
938,3687,E 33 St & 1 Ave,40.74322681,-73.97449784,MN20
939,3688,2 Ave & E 55 St,40.75792021,-73.96638215,MN19
940,3689,W 104 St & Amsterdam Ave,40.79904139,-73.96649479999999,MN12
941,3690,Park Pl & Church St,40.71334184,-74.00935516,MN24
942,3691,28 Ave & 44 St,40.76408932,-73.91065121,QN70
944,3693,N 11 St & Kent Ave,40.72248189,-73.95921931,BK73
945,3695,E 5 St & 2 Ave,40.72686952,-73.98919031,MN22
946,3697,W 64 St & Thelonious Monk Circle,40.77515953,-73.98918696,MN14
947,3699,W 50 St & 9 Ave,40.76360468,-73.98917958,MN15
950,3704,47 Ave & Skillman Ave,40.74375241,-73.94176483,QN31
951,3705,Thompson St & Bleecker St,40.72840059,-73.99968781,MN23
952,3707,Lexington Ave & E 26 St,40.741459000000006,-73.983293,MN21
953,3708,W 13 St & 5 Ave,40.735445,-73.99431,MN23
954,3709,W 15 St & 6 Ave,40.73804614,-73.99642959,MN13
955,3711,E 13 St & Avenue A,40.72966729,-73.98067966,MN22
956,3712,W 35 St & Dyer Ave,40.75469175,-73.99740189,MN13
957,3714,Division Av & Hooper St,40.70684203,-73.95443540000001,BK72
958,3715,Driggs Ave & N 9 St,40.71816969,-73.95520136,BK73
959,3716,40 Ave & Crescent St,40.753599200000004,-73.93795609,QN68
960,3718,E 11 St & Avenue B,40.72746421,-73.97950418,MN22
961,3719,S Portland Ave & Atlantic Ave,40.68322254,-73.97381186,BK68
962,3720,Wyckoff St & Bond St,40.68461654,-73.98721285,BK38
963,3721,31 St & Newtown Ave,40.76754878,-73.92093346,QN71
964,3723,Cadman Plaza E & Johnson St,40.69531728,-73.99015725,BK38
965,3724,7 Ave & Central Park South,40.76674056,-73.97906899,MN17
967,3726,Center Blvd & 51 Ave,40.74336608,-73.95960689,QN31
968,3727,Frost St & Meeker Ave,40.71784798,-73.94752018,BK90
969,3728,Pierrepont St & Monroe Pl,40.69535693,-73.99344027,BK09
970,3733,Avenue C & E 18 St,40.730563000000004,-73.973984,MN50
971,3734,E 58 St &  1 Ave (NW Corner),40.759125,-73.96265799999999,MN19
972,3737,Stanton St & Norfolk St,40.720746999999996,-73.986274,MN27
973,3745,36 Ave & 31 St,40.75651273,-73.92957486,QN70
974,3746,6 Ave & Broome St,40.72430832,-74.00473036,MN24
975,3747,E 84 St & 3 Ave,40.77755374,-73.9551276,MN40
976,3749,Lexington Ave & E 36 St,40.74757396,-73.97880077,MN20
977,3755,DeKalb Ave & Franklin Ave,40.69064807,-73.95746179,BK75
978,3756,White St & Moore St,40.704508000000004,-73.9351,BK78
979,3757,Stagg St & Morgan Ave,40.710681,-73.93372,BK78
980,3758,George St & Wilson Ave,40.702996999999996,-73.92997,BK78
981,3759,Irving Ave & Jefferson St,40.70538,-73.92535,BK77
982,3760,Willoughby Ave & Wyckoff Ave,40.705614000000004,-73.92153,BK77
983,3761,Cedar St & Myrtle Ave,40.697842,-73.926241,BK78
984,3762,3 Ave & Carroll St,40.677027,-73.9865,BK37
985,3763,Wyckoff Av & Jefferson St,40.707165,-73.923711,BK77
986,3764,Bushwick Ave & McKibbin St,40.705517,-73.93936,BK78
987,3765,Bushwick Ave & Stagg St,40.709897,-73.94008000000001,BK78
988,3766,Sharon St & Olive St,40.715353,-73.93856,BK90
989,3767,Powers St & Olive St,40.713229999999996,-73.93894,BK90
990,3768,Waterbury St & Stagg St,40.710190000000004,-73.93734,BK78
991,3769,White St & Johnson Ave,40.707174,-73.93581,BK78
992,3770,Central Ave & Flushing Ave,40.702831,-73.9333,BK78
993,3771,McKibbin St & Bogart St,40.706237,-73.933871,BK78
994,3772,Devoe St & Morgan Ave,40.713811,-73.93515,BK90
995,3773,Knickerbocker Ave & Thames St,40.70539,-73.92976,BK77
996,3774,Knickerbocker Ave & George St,40.704425,-73.92836,BK77
997,3775,Suydam St & Knickerbocker Ave,40.702013,-73.923769,BK77
998,3776,Central Ave & Starr Street,40.700003,-73.92834,BK78
999,3777,Stockholm St & Wilson Ave,40.699304,-73.92304399999999,BK77
1000,3778,Irving Ave & DeKalb Ave,40.7027,-73.92095,BK77
1001,3779,Hart St & Wyckoff Ave,40.704876,-73.919911,BK77
1002,3780,Wyckoff Av & Stanhope St,40.703545,-73.917775,BK77
1003,3781,Greene Av & Myrtle Av,40.698568,-73.918877,BK77
1004,3782,Brooklyn Bridge Park - Pier 2,40.698458,-73.997178,BK09
1007,3788,E 12 St & 4 Av,40.732690000000005,-73.98974,MN22
1008,3789,Fulton St & Irving Pl,40.68186,-73.95943199999999,BK69
1009,3790,Henry St & Middagh St,40.7003,-73.99158100000001,BK09
1011,3793,Stuyvesant Walk & 1 Av Loop,40.73233978,-73.97898383,MN50
1012,3795,10 St & 2 Ave,40.671907,-73.993612,BK37
1013,3798,W 40 St & 5 Ave,40.752269,-73.982079,MN17
1014,3799,6 Ave & W 34 St,40.74964,-73.98805,MN17
1015,3803,Bedford Ave & Montgomery St,40.665816,-73.95693399999999,BK63
1016,3804,Front St & Jay St,40.702461,-73.98684200000001,BK38
1017,3805,E 80 St & Park Ave,40.776173,-73.959757,MN40
1018,3809,W 55 St & 6 Ave,40.763201,-73.97845799999999,MN17
1020,3811,27 Ave & 3 St,40.77485,-73.9342,QN71
1021,3812,University Pl & E 14 St,40.734814,-73.992085,MN23
1022,3814,E 56 St & Madison Ave,40.761573,-73.972628,MN17
1023,3815,E 51 St & 2 Ave,40.755293,-73.967641,MN19
1024,3816,Metropolitan Ave & Vandervoort Ave,40.714290000000005,-73.93323000000001,BK90
1025,3817,Withers St & Kingsland Ave,40.717729999999996,-73.94051,BK90
1026,3818,Calyer St & Jewel St,40.72984,-73.94839,BK76
1027,3819,Green St & McGuinness Blvd,40.733959999999996,-73.95204,BK76
1028,3820,Willoughby Ave & Myrtle Ave,40.69757,-73.93098,BK78
1029,3821,Evergreen Ave & Noll St,40.70106,-73.93318000000001,BK78
1030,3822,Bushwick Ave & Forrest St,40.700759999999995,-73.93641,BK78
1031,3823,Beaver St & Fayette St,40.700990000000004,-73.93921,BK78
1032,3824,Van Sinderen Ave & Truxton St,40.6786,-73.90369,BK79
1033,3825,Broadway & Furman Ave,40.68139,-73.90756,BK78
1034,3826,Moffat St & Bushwick,40.68458,-73.90925,BK78
1035,3827,Halsey St & Broadway,40.68565,-73.91564,BK79
1036,3828,Eldert St & Bushwick Ave,40.68652,-73.91320999999999,BK78
1037,3829,Central Ave & Decatur St,40.6882,-73.90798000000001,BK78
1038,3830,Halsey St & Evergreen Ave,40.68858,-73.91226999999999,BK78
1039,3831,Broadway & Hancock St,40.68663,-73.9168,BK78
1040,3832,Central Ave & Weirfield St,40.69055,-73.91181,BK78
1041,3833,Madison St & Evergreen Ave,40.69122,-73.91693000000001,BK78
1042,3834,Irving Ave & Halsey St,40.69467,-73.90663,BK77
1043,3835,Knickerbocker Ave & Hancock St,40.69385,-73.90974,BK77
1044,3836,Bushwick Ave & Linden St,40.69146,-73.92146,BK78
1045,3837,Broadway & Kosciuszko St,40.693290000000005,-73.92851999999999,BK78
1046,3838,Bushwick Ave & Harman St,40.69356,-73.92524,BK78
1047,3839,Putnam Ave & Knickerbocker Ave,40.69545,-73.91164,BK77
1048,3840,Putnam Ave & Wyckoff Ave,40.69811,-73.90904,BK77
1049,3841,Menahan St & Central Ave,40.69543,-73.9196,BK78
1050,3842,Bushwick Ave & Dekalb Ave,40.69502,-73.92825,BK78
1051,3843,Myrtle Ave & Grove St,40.69905,-73.91516,BK77
1052,3844,Myrtle Ave & Linden St,40.69943,-73.91337,BK77
1053,3845,Irving Ave & Harman St,40.70108,-73.9179,BK77
1054,3846,Central Ave & Himrod St,40.69676,-73.92302,BK78
1055,3847,Cedar St & Evergreen Ave,40.696709999999996,-73.92806999999999,BK78
1056,3848,Suydam St & Broadway,40.695440000000005,-73.93223,BK78
1057,3849,Suydam St & St. Nicholas Ave,40.70636,-73.91945,BK77
1058,3850,Jefferson St & Cypress Ave,40.709070000000004,-73.92156999999999,BK77
1059,3851,Metropolitan Ave & Stewart Ave,40.714009999999995,-73.92793,BK90
1060,3852,Stewart Ave & Johnson Ave,40.708690000000004,-73.92586999999999,BK77
1061,3853,Harrison Pl & Porter Ave,40.70686,-73.92851,BK77
1062,3854,Morgan Ave & Maspeth Ave,40.716657,-73.93637,BK90
1063,3855,Frost St & Debevoise Ave,40.71882,-73.93948,BK90
1064,3856,Kingsland Ave & Nassau Ave,40.725770000000004,-73.94173,BK76
1065,3857,Engert Ave & McGuinness Blvd,40.721579999999996,-73.94546,BK76
1066,3858,Kent St & McGuinness Blvd,40.73124,-73.95161,BK76
1067,3860,Wilson Ave & Troutman St,40.70166,-73.92754000000001,BK78
1068,3861,Menahan St & Wyckoff Ave,40.70113,-73.91422,BK77
1069,3862,Linden St & Knickerbocker Ave,40.697140000000005,-73.91566,BK77
1070,3863,Central Ave & Woodbine St,40.69296,-73.91605,BK78
1071,3864,Central Ave & Covert St,40.68929,-73.90951,BK78
1072,3865,Knickerbocker Ave & Cooper St,40.69081,-73.90448,BK77
1073,3866,Wilson Ave & Moffat St,40.68906,-73.90505999999999,BK77
1074,3867,Somers St & Broadway,40.67945,-73.90474,BK79
1075,3868,Knickerbocker Ave & Halsey St,40.693000000000005,-73.90824,BK77
1076,3869,Van Buren St & Broadway,40.692,-73.92617,BK78
1077,3870,Melrose St & Broadway,40.697480999999996,-73.935877,BK78
1078,3871,Bushwick Ave & Furman Ave,40.682809999999996,-73.90623000000001,BK78
1079,3872,Hancock St & Wyckoff Ave,40.6972,-73.90674,QN20
1080,3873,Madison St & Cypress Ave,40.70068,-73.90742,QN20
1081,3874,Menahan St & Seneca Ave,40.704609999999995,-73.91054,QN20
1082,3875,Stephen St & Seneca Ave,40.6988,-73.9007,QN20
1083,3876,Forest Ave & Summerfield St,40.699220000000004,-73.89795,QN20
1084,3878,Cypress Ave & George St,40.69812,-73.90271,QN20
1085,3879,Broadway & Madison St,40.68822,-73.91966,BK78
1086,3880,Willoughby Ave & Onderdonk Ave,40.7098,-73.91727,QN20
1087,3881,12 Ave & W 125 St,40.818298999999996,-73.96040500000001,MN06
1088,3882,Norman St & Wyckoff Ave,40.695170000000005,-73.90311,QN20
1089,3883,Harman St & Seneca Ave,40.70577,-73.91292,QN20
1090,3885,Onderdonk Ave & Gates Ave,40.70413,-73.90737,QN20
1091,3886,Menahan St & Onderdonk Ave,40.705529999999996,-73.9096,QN20
1092,3887,Flushing Ave & Woodward Ave,40.71246,-73.91873000000001,QN20
1093,3890,Grove St & Broadway,40.69047,-73.923511,BK78
1094,3891,Irving Ave & Palmetto St,40.698,-73.9127,BK77
1095,3892,38 Ave & 29 St,40.75473,-73.93366999999999,QN68
1096,3893,Rockaway Ave & Bainbridge St,40.68319988,-73.91166642,BK79
1097,3895,Cypress Ave & Palmetto St,40.70157341,-73.90876293,QN20
1098,3896,Madison St & Seneca Ave,40.70183,-73.90625,QN20
1100,3899,Manhattan Av & Leonard St,40.72084,-73.94844,BK76
1101,3900,Morgan Ave & Lombardy St,40.72226,-73.93889,BK90
1102,3901,Stanhope St & Fairview Ave,40.70998,-73.91116,QN20
1103,3903,Jefferson Ave & Evergreen Ave,40.689890000000005,-73.91458,BK78
